Variables,Values,Ambient,Diffuse,Offshore,Transition
NN,0.08,0.08,NA,0.08,NA
NN,0.09,0.09,NA,0.09,NA
NN,0.1,0.1,NA,0.1,NA
NN,0.11,0.11,NA,NA,NA
NN,0.12,0.12,0.12,NA,NA
NN,0.13,0.13,0.13,0.13,NA
NN,0.14,0.14,0.14,NA,NA
NN,0.15,0.15,0.15,NA,NA
NN,0.16,0.16,0.16,NA,NA
NN,0.17,0.17,0.17,NA,0.17
NN,0.18,0.18,0.18,NA,NA
NN,0.19,0.19,0.19,NA,0.19
NN,0.2,0.2,0.2,0.2,NA
NN,0.21,0.21,0.21,NA,0.21
NN,0.25,0.25,0.25,NA,0.25
NN,0.26,0.26,0.26,NA,NA
NN,0.27,0.27,NA,NA,0.27
NN,0.76,0.76,NA,NA,0.76
Phosphate,0.06,0.06,0.06,NA,NA
Phosphate,0.07,0.07,0.07,NA,0.07
Phosphate,0.08,0.08,0.08,NA,0.08
Phosphate,0.09,0.09,0.09,NA,0.09
Phosphate,0.1,0.1,0.1,NA,0.1
Phosphate,0.11,0.11,0.11,NA,0.11
Phosphate,0.12,0.12,0.12,0.12,0.12
Phosphate,0.13,0.13,0.13,0.13,NA
Phosphate,0.14,0.14,NA,0.14,NA
Phosphate,0.15,0.15,0.15,NA,0.15
Salinity,34.47636764,34.47636764,NA,NA,NA
Salinity,34.55635501,34.55635501,NA,NA,NA
Salinity,34.557234,34.557234,NA,NA,NA
Salinity,34.56074992,34.56074992,NA,NA,NA
Salinity,34.56558433,34.56558433,NA,NA,NA
Salinity,34.57085822,34.57085822,NA,NA,NA
Salinity,34.5717372,34.5717372,NA,NA,NA
Salinity,34.57613211,34.57613211,NA,NA,NA
Salinity,34.5765716,34.5765716,NA,NA,NA
Salinity,34.57789008,34.57789008,34.57789008,NA,NA
Salinity,34.57832957,34.57832957,34.57832957,NA,NA
Salinity,34.581406,34.581406,NA,NA,NA
Salinity,34.58448244,34.58448244,NA,34.58448244,NA
Salinity,34.58536142,34.58536142,NA,NA,NA
Salinity,34.58799837,34.58799837,NA,NA,NA
Salinity,34.58843786,34.58843786,NA,NA,NA
Salinity,34.59019583,34.59019583,NA,NA,NA
Salinity,34.59107481,34.59107481,NA,NA,NA
Salinity,34.5915143,34.5915143,NA,NA,NA
Salinity,34.59195379,34.59195379,NA,NA,NA
Salinity,34.59327226,34.59327226,NA,NA,NA
Salinity,34.5963487,34.5963487,NA,NA,NA
Salinity,34.59678819,34.59678819,NA,NA,NA
Salinity,34.59722768,34.59722768,NA,NA,NA
Salinity,34.59766717,34.59766717,NA,NA,NA
Salinity,34.59854616,34.59854616,NA,NA,NA
Salinity,34.59898565,34.59898565,NA,NA,NA
Salinity,34.59942514,34.59942514,NA,NA,NA
Salinity,34.6011831,34.6011831,NA,NA,NA
Salinity,34.60162259,34.60162259,NA,NA,NA
Salinity,34.60250158,34.60250158,NA,NA,NA
Salinity,34.60294107,34.60294107,NA,NA,NA
Salinity,34.60382005,34.60382005,NA,NA,NA
Salinity,34.60425954,34.60425954,NA,NA,NA
Salinity,34.60557801,34.60557801,NA,NA,NA
Salinity,34.6060175,34.6060175,NA,NA,NA
Salinity,34.60689649,34.60689649,NA,NA,NA
Salinity,34.60733598,34.60733598,NA,NA,NA
Salinity,34.60821496,34.60821496,NA,NA,NA
Salinity,34.60865445,34.60865445,NA,NA,NA
Salinity,34.60909394,34.60909394,NA,NA,NA
Salinity,34.60953343,34.60953343,NA,34.60953343,NA
Salinity,34.6112914,34.6112914,NA,NA,NA
Salinity,34.61173089,34.61173089,NA,NA,NA
Salinity,34.61304936,34.61304936,NA,NA,NA
Salinity,34.61348885,34.61348885,NA,34.61348885,NA
Salinity,34.61480733,34.61480733,NA,NA,NA
Salinity,34.61700478,34.61700478,NA,NA,NA
Salinity,34.61788376,34.61788376,NA,NA,NA
Salinity,34.61964173,34.61964173,NA,NA,NA
Salinity,34.63018951,34.63018951,NA,NA,NA
Salinity,34.6359029,34.6359029,NA,NA,NA
Silicate,1.03,1.03,NA,NA,NA
Silicate,1.16,1.16,NA,NA,NA
Silicate,1.4,1.4,NA,NA,NA
Silicate,1.44,1.44,NA,NA,NA
Silicate,1.46,1.46,NA,NA,NA
Silicate,1.51,1.51,NA,NA,NA
Silicate,1.54,1.54,NA,1.54,NA
Silicate,1.55,1.55,NA,NA,NA
Silicate,1.58,1.58,NA,NA,NA
Silicate,1.59,1.59,NA,NA,NA
Silicate,1.63,1.63,NA,1.63,NA
Silicate,1.64,1.64,NA,NA,NA
Silicate,1.65,1.65,NA,NA,NA
Silicate,1.66,1.66,NA,NA,NA
Silicate,1.68,1.68,NA,NA,NA
Silicate,1.69,1.69,NA,NA,NA
Silicate,1.71,1.71,NA,NA,NA
Silicate,1.72,1.72,NA,NA,NA
Silicate,1.75,1.75,NA,NA,NA
Silicate,1.76,1.76,NA,NA,NA
Silicate,1.78,1.78,NA,NA,NA
Silicate,1.79,1.79,NA,NA,NA
Silicate,1.81,1.81,NA,NA,NA
Silicate,1.82,1.82,NA,NA,NA
Silicate,1.86,1.86,NA,NA,NA
Silicate,1.87,1.87,NA,NA,NA
Silicate,1.88,1.88,NA,NA,NA
Silicate,1.9,1.9,NA,NA,NA
Silicate,1.91,1.91,NA,NA,NA
Silicate,1.92,1.92,NA,NA,NA
Silicate,1.93,1.93,NA,NA,NA
Silicate,2,2,NA,NA,NA
Silicate,2.03,2.03,NA,NA,NA
Silicate,2.04,2.04,NA,NA,NA
Silicate,2.05,2.05,NA,NA,NA
Silicate,2.07,2.07,NA,NA,NA
Silicate,2.11,2.11,NA,NA,NA
Silicate,2.12,2.12,NA,NA,NA
Silicate,2.18,2.18,NA,NA,NA
Silicate,2.2,2.2,NA,2.2,NA
Silicate,2.27,2.27,NA,NA,NA
Silicate,2.34,2.34,2.34,NA,NA
Silicate,2.35,2.35,2.35,NA,NA
Silicate,2.38,2.38,NA,NA,NA
Silicate,2.39,2.39,NA,NA,NA
Silicate,2.49,2.49,NA,NA,NA
Silicate,2.51,2.51,NA,NA,NA
Silicate,2.63,2.63,NA,NA,NA
Silicate,2.74,2.74,NA,NA,NA
Silicate,2.82,2.82,NA,NA,NA
Silicate,2.84,2.84,NA,NA,NA
Silicate,4.66,4.66,NA,NA,NA
TA,2204.133771,2204.133771,NA,NA,NA
TA,2216.418806,2216.418806,NA,NA,NA
TA,2220.377584,2220.377584,NA,NA,NA
TA,2221.496044,2221.496044,NA,NA,NA
TA,2225.157422,2225.157422,NA,NA,NA
TA,2231.773561,2231.773561,NA,NA,NA
TA,2235.314033,2235.314033,NA,NA,NA
TA,2235.94711,2235.94711,NA,NA,NA
TA,2238.606606,2238.606606,NA,NA,NA
TA,2238.72427,2238.72427,NA,NA,NA
TA,2242.05194,2242.05194,NA,NA,NA
TA,2242.445381,2242.445381,NA,NA,NA
TA,2243.843064,2243.843064,NA,NA,NA
TA,2244.10175,2244.10175,NA,NA,NA
TA,2244.502057,2244.502057,NA,NA,NA
TA,2244.596967,2244.596967,NA,NA,NA
TA,2246.937582,2246.937582,NA,NA,NA
TA,2247.471323,2247.471323,NA,NA,NA
TA,2247.691473,2247.691473,NA,NA,NA
TA,2248.010876,2248.010876,NA,NA,NA
TA,2248.438919,2248.438919,NA,NA,NA
TA,2248.676797,2248.676797,NA,NA,NA
TA,2248.792728,2248.792728,NA,NA,NA
TA,2249.929778,2249.929778,NA,NA,NA
TA,2253.449673,2253.449673,NA,NA,NA
TA,2254.568475,2254.568475,NA,NA,NA
TA,2254.998379,2254.998379,NA,NA,NA
TA,2255.282957,2255.282957,NA,NA,NA
TA,2257.582582,2257.582582,NA,NA,NA
TA,2258.364848,2258.364848,NA,NA,NA
TA,2259.577353,2259.577353,NA,NA,NA
TA,2259.753937,2259.753937,NA,NA,NA
TA,2260.206592,2260.206592,NA,NA,NA
TA,2260.598828,2260.598828,NA,NA,NA
TA,2261.428824,2261.428824,NA,NA,NA
TA,2263.320386,2263.320386,NA,NA,NA
TA,2263.358534,2263.358534,NA,NA,NA
TA,2263.444971,2263.444971,NA,NA,NA
TA,2263.827588,2263.827588,NA,NA,NA
TA,2264.389536,2264.389536,NA,NA,NA
TA,2265.104985,2265.104985,NA,NA,NA
TA,2266.405711,2266.405711,NA,NA,NA
TA,2266.47176,2266.47176,NA,NA,NA
TA,2268.266354,2268.266354,NA,NA,NA
TA,2268.419106,2268.419106,NA,NA,NA
TA,2268.553037,2268.553037,NA,NA,NA
TA,2268.841999,2268.841999,NA,NA,NA
TA,2273.234331,2273.234331,NA,NA,NA
TA,2274.630462,2274.630462,NA,NA,NA
TA,2275.456662,2275.456662,NA,NA,NA
TA,2277.045233,2277.045233,NA,NA,NA
TA,2278.298318,2278.298318,NA,NA,NA
TA,2278.998271,2278.998271,NA,NA,NA
TA,2281.690363,2281.690363,NA,NA,NA
TA,2281.7078,2281.7078,NA,NA,NA
TA,2283.21026,2283.21026,NA,NA,NA
TA,2283.721685,2283.721685,NA,NA,NA
TA,2288.673354,2288.673354,NA,NA,NA
TA,2288.770164,2288.770164,NA,NA,NA
TA,2294.263212,2294.263212,NA,NA,NA
TA,2295.329722,2295.329722,NA,NA,NA
TA,2304.665708,2304.665708,NA,NA,NA
TA,2309.947719,2309.947719,NA,NA,NA
Temp_in,23.72369608,23.72369608,NA,NA,NA
Temp_in,23.85659446,23.85659446,NA,NA,NA
Temp_in,23.87478944,23.87478944,NA,NA,NA
Temp_in,23.89699277,23.89699277,NA,NA,NA
Temp_in,23.90270436,23.90270436,NA,NA,NA
Temp_in,23.91871166,23.91871166,NA,NA,NA
Temp_in,23.96962105,23.96962105,NA,NA,NA
Temp_in,24.04954757,24.04954757,NA,NA,NA
Temp_in,24.06194201,24.06194201,NA,NA,NA
Temp_in,24.10860383,24.10860383,NA,NA,NA
Temp_in,24.25437307,24.25437307,NA,NA,NA
Temp_in,24.26640693,24.26640693,NA,NA,NA
Temp_in,24.27209963,24.27209963,NA,NA,NA
Temp_in,24.28645788,24.28645788,NA,NA,NA
Temp_in,24.31659874,24.31659874,NA,NA,NA
Temp_in,24.50119932,24.50119932,NA,NA,NA
Temp_in,24.51562606,24.51562606,NA,NA,NA
Temp_in,24.52336819,24.52336819,NA,NA,NA
Temp_in,24.56946139,24.56946139,NA,NA,NA
Temp_in,24.76463798,24.76463798,NA,NA,NA
Temp_in,24.77369034,24.77369034,NA,NA,NA
Temp_in,24.97791928,24.97791928,NA,NA,NA
Temp_in,25.02807664,25.02807664,NA,NA,NA
Temp_in,25.24803637,25.24803637,NA,NA,NA
Temp_in,25.31753883,25.31753883,NA,NA,NA
Temp_in,25.52240571,25.52240571,NA,NA,NA
Temp_in,25.54394564,25.54394564,NA,NA,NA
Temp_in,25.57611959,25.57611959,NA,NA,NA
Temp_in,25.63735834,25.63735834,NA,NA,NA
Temp_in,25.64365472,25.64365472,NA,NA,NA
Temp_in,25.65576359,25.65576359,NA,NA,NA
Temp_in,25.71026052,25.71026052,NA,NA,NA
Temp_in,25.72976343,25.72976343,NA,NA,NA
Temp_in,25.82313164,25.82313164,NA,NA,NA
Temp_in,25.8971684,25.8971684,NA,NA,NA
Temp_in,25.90139646,25.90139646,NA,NA,NA
Temp_in,25.91379523,25.91379523,NA,NA,NA
Temp_in,26.14198803,26.14198803,NA,NA,NA
Temp_in,26.1885656,26.1885656,NA,NA,NA
Temp_in,26.37324359,26.37324359,NA,NA,NA
Temp_in,26.38784991,26.38784991,NA,NA,NA
Temp_in,26.45559787,26.45559787,NA,NA,NA
Temp_in,26.48281306,26.48281306,NA,NA,NA
Temp_in,26.52661899,26.52661899,NA,NA,NA
Temp_in,26.73234029,26.73234029,NA,NA,NA
Temp_in,26.76743323,26.76743323,NA,NA,NA
Temp_in,26.7705343,26.7705343,NA,NA,NA
Temp_in,26.78095108,26.78095108,NA,NA,NA
Temp_in,26.82956186,26.82956186,NA,NA,NA
Temp_in,26.93993178,26.93993178,NA,NA,NA
Temp_in,27.00824746,27.00824746,NA,NA,NA
Temp_in,27.22096664,27.22096664,NA,NA,NA
Temp_in,27.34219822,27.34219822,NA,NA,NA
Temp_in,27.39999941,27.39999941,NA,NA,NA
Temp_in,27.40983169,27.40983169,NA,NA,NA
Temp_in,27.43287305,27.43287305,NA,NA,NA
Temp_in,27.50769411,27.50769411,NA,NA,NA
Temp_in,27.68477446,27.68477446,NA,NA,NA
Temp_in,27.8797316,27.8797316,NA,NA,NA
Temp_in,27.94864676,27.94864676,NA,NA,NA
Temp_in,28.49729411,28.49729411,NA,NA,NA
pH,7.852,7.852,NA,NA,NA
pH,7.893,7.893,NA,NA,NA
pH,7.918,7.918,NA,NA,NA
pH,7.924,7.924,7.924,NA,NA
pH,7.925,7.925,NA,NA,NA
pH,7.926,7.926,NA,NA,NA
pH,7.933,7.933,7.933,7.933,NA
pH,7.934,7.934,7.934,NA,NA
pH,7.936,7.936,NA,NA,NA
pH,7.938,7.938,NA,NA,NA
pH,7.942,7.942,NA,NA,NA
pH,7.945,7.945,NA,NA,NA
pH,7.947,7.947,7.947,NA,NA
pH,7.95,7.95,NA,NA,NA
pH,7.951,7.951,NA,NA,NA
pH,7.957,7.957,NA,NA,7.957
pH,7.96,7.96,7.96,NA,NA
pH,7.963,7.963,7.963,NA,7.963
pH,7.966,7.966,NA,NA,NA
pH,7.973,7.973,NA,NA,NA
pH,7.974,7.974,NA,NA,NA
pH,7.977,7.977,NA,NA,NA
pH,7.986,7.986,NA,NA,NA
pH,7.987,7.987,NA,NA,NA
pH,7.989,7.989,NA,NA,NA
pH,7.996,7.996,NA,NA,NA
pH,7.997,7.997,NA,NA,NA
pH,8.001,8.001,NA,NA,NA
pH,8.003,8.003,8.003,NA,NA
pH,8.005,8.005,8.005,NA,NA
pH,8.01,8.01,NA,NA,8.01
pH,8.022,8.022,NA,NA,NA
pH,8.023,8.023,NA,NA,8.023
pH,8.039,8.039,NA,8.039,NA
pH,8.04,8.04,NA,NA,NA
pH,8.045,8.045,NA,NA,NA
pH,8.052,8.052,NA,NA,NA
pH,8.053,8.053,NA,NA,NA
pH,8.077,8.077,8.077,NA,NA
pH,8.086,8.086,8.086,NA,NA
pH,8.087,8.087,NA,NA,NA
pH,8.088,8.088,8.088,NA,NA
pH,8.089,8.089,8.089,NA,NA
pH,8.091,8.091,NA,NA,NA
pH,8.097,8.097,NA,NA,NA
pH,8.112,8.112,NA,NA,NA
pH,8.113,8.113,NA,NA,NA
pH,8.118,8.118,NA,NA,NA
pH,8.139,8.139,NA,NA,NA
pH,8.141,8.141,NA,NA,NA
pH,8.152,8.152,NA,NA,NA
pH,8.165,8.165,NA,NA,NA
pH,8.169,8.169,NA,NA,NA
pH,8.17,8.17,NA,NA,NA
pH,8.171,8.171,NA,NA,NA
pH,8.199,8.199,NA,NA,NA
percent_sgd,0.133074935,0.133074935,NA,NA,NA
percent_sgd,0.149870801,0.149870801,NA,NA,NA
percent_sgd,0.180878553,0.180878553,NA,NA,NA
percent_sgd,0.186046512,0.186046512,NA,NA,NA
percent_sgd,0.188630491,0.188630491,NA,NA,NA
percent_sgd,0.195090439,0.195090439,NA,NA,NA
percent_sgd,0.198966408,0.198966408,NA,0.198966408,NA
percent_sgd,0.200258398,0.200258398,NA,NA,NA
percent_sgd,0.204134367,0.204134367,NA,NA,NA
percent_sgd,0.205426357,0.205426357,NA,NA,NA
percent_sgd,0.210594315,0.210594315,NA,0.210594315,NA
percent_sgd,0.211886305,0.211886305,NA,NA,NA
percent_sgd,0.213178295,0.213178295,NA,NA,NA
percent_sgd,0.214470284,0.214470284,NA,NA,NA
percent_sgd,0.217054264,0.217054264,NA,NA,NA
percent_sgd,0.218346253,0.218346253,NA,NA,NA
percent_sgd,0.220930233,0.220930233,NA,NA,NA
percent_sgd,0.222222222,0.222222222,NA,NA,NA
percent_sgd,0.226098191,0.226098191,NA,NA,NA
percent_sgd,0.227390181,0.227390181,NA,NA,NA
percent_sgd,0.22997416,0.22997416,NA,NA,NA
percent_sgd,0.23126615,0.23126615,NA,NA,NA
percent_sgd,0.233850129,0.233850129,NA,NA,NA
percent_sgd,0.235142119,0.235142119,NA,NA,NA
percent_sgd,0.240310078,0.240310078,NA,NA,NA
percent_sgd,0.241602067,0.241602067,NA,NA,NA
percent_sgd,0.242894057,0.242894057,NA,NA,NA
percent_sgd,0.245478036,0.245478036,NA,NA,NA
percent_sgd,0.246770026,0.246770026,NA,NA,NA
percent_sgd,0.248062016,0.248062016,NA,NA,NA
percent_sgd,0.249354005,0.249354005,NA,NA,NA
percent_sgd,0.258397933,0.258397933,NA,NA,NA
percent_sgd,0.262273902,0.262273902,NA,NA,NA
percent_sgd,0.263565891,0.263565891,NA,NA,NA
percent_sgd,0.264857881,0.264857881,NA,NA,NA
percent_sgd,0.26744186,0.26744186,NA,NA,NA
percent_sgd,0.272609819,0.272609819,NA,NA,NA
percent_sgd,0.273901809,0.273901809,NA,NA,NA
percent_sgd,0.281653747,0.281653747,NA,NA,NA
percent_sgd,0.284237726,0.284237726,NA,0.284237726,NA
percent_sgd,0.293281654,0.293281654,NA,NA,NA
percent_sgd,0.302325581,0.302325581,0.302325581,NA,NA
percent_sgd,0.303617571,0.303617571,0.303617571,NA,NA
percent_sgd,0.30749354,0.30749354,NA,NA,NA
percent_sgd,0.30878553,0.30878553,NA,NA,NA
percent_sgd,0.321705426,0.321705426,NA,NA,NA
percent_sgd,0.324289406,0.324289406,NA,NA,NA
percent_sgd,0.339793282,0.339793282,NA,NA,NA
percent_sgd,0.354005168,0.354005168,NA,NA,NA
percent_sgd,0.364341085,0.364341085,NA,NA,NA
percent_sgd,0.366925065,0.366925065,NA,NA,NA
percent_sgd,0.602067183,0.602067183,NA,NA,NA
NN,0.04,NA,0.04,NA,NA
NN,0.22,NA,0.22,NA,0.22
NN,0.23,NA,0.23,NA,0.23
NN,0.24,NA,0.24,NA,0.24
NN,0.28,NA,0.28,NA,0.28
NN,0.29,NA,0.29,NA,NA
NN,0.3,NA,0.3,NA,0.3
NN,0.33,NA,0.33,NA,NA
NN,0.34,NA,0.34,NA,NA
NN,0.35,NA,0.35,NA,0.35
NN,0.36,NA,0.36,NA,NA
NN,0.42,NA,0.42,NA,0.42
NN,0.45,NA,0.45,NA,NA
NN,0.46,NA,0.46,NA,NA
NN,0.57,NA,0.57,NA,NA
NN,0.68,NA,0.68,NA,NA
NN,0.82,NA,0.82,NA,NA
NN,1.01,NA,1.01,NA,NA
NN,1.33,NA,1.33,NA,NA
NN,1.59,NA,1.59,NA,NA
NN,1.91,NA,1.91,NA,NA
NN,2.14,NA,2.14,NA,NA
NN,3.47,NA,3.47,NA,NA
NN,7.39,NA,7.39,NA,NA
NN,7.45,NA,7.45,NA,NA
Phosphate,0.04,NA,0.04,NA,NA
Phosphate,0.05,NA,0.05,NA,NA
Phosphate,0.16,NA,0.16,NA,NA
Phosphate,0.19,NA,0.19,NA,0.19
Phosphate,0.21,NA,0.21,0.21,0.21
Phosphate,0.22,NA,0.22,NA,NA
Phosphate,0.23,NA,0.23,NA,0.23
Phosphate,0.28,NA,0.28,NA,NA
Phosphate,0.29,NA,0.29,NA,NA
Phosphate,0.49,NA,0.49,NA,0.49
Phosphate,0.5,NA,0.5,NA,0.5
Salinity,28.02859405,NA,28.02859405,NA,NA
Salinity,29.12292683,NA,29.12292683,NA,NA
Salinity,32.10970819,NA,32.10970819,NA,NA
Salinity,32.20639623,NA,32.20639623,NA,NA
Salinity,32.3602181,NA,32.3602181,NA,NA
Salinity,32.41032009,NA,32.41032009,NA,NA
Salinity,32.66478542,NA,32.66478542,NA,NA
Salinity,32.71840333,NA,32.71840333,NA,NA
Salinity,33.64045561,NA,33.64045561,NA,NA
Salinity,33.66594609,NA,33.66594609,NA,NA
Salinity,33.91074262,NA,33.91074262,NA,NA
Salinity,34.00567269,NA,34.00567269,NA,NA
Salinity,34.0201759,NA,34.0201759,NA,NA
Salinity,34.2073991,NA,34.2073991,NA,NA
Salinity,34.21926536,NA,34.21926536,NA,NA
Salinity,34.34364133,NA,34.34364133,NA,NA
Salinity,34.34759675,NA,34.34759675,NA,NA
Salinity,34.35155217,NA,34.35155217,NA,NA
Salinity,34.38011909,NA,34.38011909,NA,NA
Salinity,34.39198535,NA,34.39198535,NA,NA
Salinity,34.42714464,NA,34.42714464,NA,NA
Salinity,34.43769242,NA,34.43769242,NA,NA
Salinity,34.44252682,NA,34.44252682,NA,NA
Salinity,34.4486797,NA,34.4486797,NA,NA
Salinity,34.45219563,NA,34.45219563,NA,NA
Salinity,34.45966698,NA,34.45966698,NA,NA
Salinity,34.47592815,NA,34.47592815,NA,NA
Salinity,34.48427848,NA,34.48427848,NA,NA
Salinity,34.48515746,NA,34.48515746,NA,NA
Salinity,34.49526575,NA,34.49526575,NA,NA
Salinity,34.49746321,NA,34.49746321,NA,NA
Salinity,34.50317659,NA,34.50317659,NA,NA
Salinity,34.50361608,NA,34.50361608,NA,NA
Salinity,34.50581354,NA,34.50581354,NA,NA
Salinity,34.5075715,NA,34.5075715,NA,NA
Salinity,34.5128454,NA,34.5128454,NA,NA
Salinity,34.51592183,NA,34.51592183,NA,NA
Salinity,34.5176798,NA,34.5176798,NA,NA
Salinity,34.5225142,NA,34.5225142,NA,NA
Salinity,34.52471166,NA,34.52471166,NA,NA
Salinity,34.52515115,NA,34.52515115,NA,NA
Salinity,34.52603013,NA,34.52603013,NA,NA
Salinity,34.52910657,NA,34.52910657,NA,NA
Salinity,34.53130402,NA,34.53130402,NA,NA
Salinity,34.53394097,NA,34.53394097,NA,NA
Salinity,34.53789639,NA,34.53789639,NA,NA
Salinity,34.53833588,NA,34.53833588,NA,NA
Salinity,34.53965435,NA,34.53965435,NA,NA
Salinity,34.54141232,NA,34.54141232,NA,NA
Salinity,34.54185181,NA,34.54185181,NA,NA
Salinity,34.54317028,NA,34.54317028,NA,NA
Salinity,34.54404926,NA,34.54404926,NA,NA
Salinity,34.54668621,NA,34.54668621,NA,NA
Salinity,34.54888366,NA,34.54888366,NA,NA
Salinity,34.54976265,NA,34.54976265,NA,NA
Salinity,34.55327858,NA,34.55327858,NA,NA
Salinity,34.56031043,NA,34.56031043,NA,NA
Salinity,34.56426585,NA,34.56426585,NA,NA
Salinity,34.5669028,NA,34.5669028,NA,NA
Salinity,34.56953975,NA,34.56953975,NA,NA
Salinity,34.57569262,NA,34.57569262,NA,NA
Silicate,2.4,NA,2.4,NA,NA
Silicate,2.54,NA,2.54,NA,NA
Silicate,2.6,NA,2.6,NA,NA
Silicate,2.66,NA,2.66,NA,NA
Silicate,2.75,NA,2.75,NA,NA
Silicate,2.91,NA,2.91,NA,NA
Silicate,2.99,NA,2.99,NA,NA
Silicate,3.01,NA,3.01,NA,NA
Silicate,3.06,NA,3.06,NA,NA
Silicate,3.12,NA,3.12,NA,NA
Silicate,3.14,NA,3.14,NA,NA
Silicate,3.17,NA,3.17,NA,NA
Silicate,3.18,NA,3.18,NA,NA
Silicate,3.22,NA,3.22,NA,NA
Silicate,3.25,NA,3.25,NA,NA
Silicate,3.26,NA,3.26,NA,NA
Silicate,3.35,NA,3.35,NA,NA
Silicate,3.41,NA,3.41,NA,NA
Silicate,3.46,NA,3.46,NA,NA
Silicate,3.53,NA,3.53,NA,NA
Silicate,3.55,NA,3.55,NA,NA
Silicate,3.56,NA,3.56,NA,NA
Silicate,3.61,NA,3.61,NA,NA
Silicate,3.72,NA,3.72,NA,NA
Silicate,3.76,NA,3.76,NA,NA
Silicate,3.83,NA,3.83,NA,NA
Silicate,3.95,NA,3.95,NA,NA
Silicate,3.99,NA,3.99,NA,NA
Silicate,4.04,NA,4.04,NA,NA
Silicate,4.05,NA,4.05,NA,NA
Silicate,4.18,NA,4.18,NA,NA
Silicate,4.23,NA,4.23,NA,NA
Silicate,4.46,NA,4.46,NA,NA
Silicate,4.48,NA,4.48,NA,NA
Silicate,4.67,NA,4.67,NA,NA
Silicate,5.04,NA,5.04,NA,NA
Silicate,5.21,NA,5.21,NA,NA
Silicate,5.29,NA,5.29,NA,NA
Silicate,5.43,NA,5.43,NA,NA
Silicate,5.54,NA,5.54,NA,NA
Silicate,5.78,NA,5.78,NA,NA
Silicate,6.58,NA,6.58,NA,NA
Silicate,6.85,NA,6.85,NA,NA
Silicate,7.5,NA,7.5,NA,NA
Silicate,7.59,NA,7.59,NA,NA
Silicate,7.68,NA,7.68,NA,NA
Silicate,10.51,NA,10.51,NA,NA
Silicate,10.78,NA,10.78,NA,NA
Silicate,15.04,NA,15.04,NA,NA
Silicate,15.37,NA,15.37,NA,NA
Silicate,17.53,NA,17.53,NA,NA
Silicate,23.1,NA,23.1,NA,NA
Silicate,23.68,NA,23.68,NA,NA
Silicate,44.66,NA,44.66,NA,NA
Silicate,45.88,NA,45.88,NA,NA
Silicate,51.67,NA,51.67,NA,NA
Silicate,52.81,NA,52.81,NA,NA
Silicate,56.31,NA,56.31,NA,NA
Silicate,58.51,NA,58.51,NA,NA
Silicate,126.47,NA,126.47,NA,NA
Silicate,151.37,NA,151.37,NA,NA
TA,2129.366609,NA,2129.366609,NA,NA
TA,2151.825559,NA,2151.825559,NA,NA
TA,2189.458388,NA,2189.458388,NA,NA
TA,2206.974224,NA,2206.974224,NA,NA
TA,2207.789729,NA,2207.789729,NA,NA
TA,2212.273427,NA,2212.273427,NA,NA
TA,2212.963581,NA,2212.963581,NA,NA
TA,2213.643995,NA,2213.643995,NA,NA
TA,2216.7581,NA,2216.7581,NA,NA
TA,2219.513637,NA,2219.513637,NA,NA
TA,2220.335875,NA,2220.335875,NA,NA
TA,2227.731898,NA,2227.731898,NA,NA
TA,2227.978151,NA,2227.978151,NA,NA
TA,2231.540629,NA,2231.540629,NA,NA
TA,2231.928785,NA,2231.928785,NA,NA
TA,2234.152534,NA,2234.152534,NA,NA
TA,2234.700866,NA,2234.700866,NA,NA
TA,2237.131953,NA,2237.131953,NA,NA
TA,2237.72937,NA,2237.72937,NA,NA
TA,2238.532837,NA,2238.532837,NA,NA
TA,2239.283896,NA,2239.283896,NA,NA
TA,2240.714341,NA,2240.714341,NA,NA
TA,2240.889093,NA,2240.889093,NA,NA
TA,2241.211157,NA,2241.211157,NA,NA
TA,2242.012856,NA,2242.012856,NA,NA
TA,2244.687113,NA,2244.687113,NA,NA
TA,2245.596857,NA,2245.596857,NA,NA
TA,2245.851148,NA,2245.851148,NA,NA
TA,2247.179605,NA,2247.179605,NA,NA
TA,2249.646663,NA,2249.646663,NA,NA
TA,2250.3368,NA,2250.3368,NA,NA
TA,2251.264292,NA,2251.264292,NA,NA
TA,2251.863751,NA,2251.863751,NA,NA
TA,2252.364904,NA,2252.364904,NA,NA
TA,2253.270607,NA,2253.270607,NA,NA
TA,2254.602485,NA,2254.602485,NA,NA
TA,2254.849699,NA,2254.849699,NA,NA
TA,2256.437492,NA,2256.437492,NA,NA
TA,2257.603516,NA,2257.603516,NA,NA
TA,2258.76146,NA,2258.76146,NA,NA
TA,2259.329722,NA,2259.329722,NA,NA
TA,2259.562288,NA,2259.562288,NA,NA
TA,2263.486124,NA,2263.486124,NA,NA
TA,2265.354907,NA,2265.354907,NA,NA
TA,2266.414651,NA,2266.414651,NA,NA
TA,2266.833129,NA,2266.833129,NA,NA
TA,2266.862576,NA,2266.862576,NA,NA
TA,2270.401798,NA,2270.401798,NA,NA
TA,2273.407056,NA,2273.407056,NA,NA
TA,2280.920815,NA,2280.920815,NA,NA
TA,2281.618209,NA,2281.618209,NA,NA
TA,2283.485901,NA,2283.485901,NA,NA
TA,2284.103997,NA,2284.103997,NA,NA
TA,2284.136728,NA,2284.136728,NA,NA
TA,2284.913361,NA,2284.913361,NA,NA
TA,2288.464523,NA,2288.464523,NA,NA
TA,2289.515865,NA,2289.515865,NA,NA
TA,2291.859351,NA,2291.859351,NA,NA
TA,2295.977644,NA,2295.977644,NA,NA
TA,2300.599272,NA,2300.599272,NA,NA
TA,2303.486119,NA,2303.486119,NA,NA
TA,2305.157053,NA,2305.157053,NA,NA
TA,2308.961939,NA,2308.961939,NA,NA
TA,2327.839765,NA,2327.839765,NA,NA
Temp_in,23.26102354,NA,23.26102354,NA,NA
Temp_in,23.51966167,NA,23.51966167,NA,NA
Temp_in,23.61317188,NA,23.61317188,NA,NA
Temp_in,23.65167304,NA,23.65167304,NA,NA
Temp_in,23.6523039,NA,23.6523039,NA,NA
Temp_in,23.65293476,NA,23.65293476,NA,NA
Temp_in,23.72550249,NA,23.72550249,NA,NA
Temp_in,23.74387241,NA,23.74387241,NA,NA
Temp_in,23.74796861,NA,23.74796861,NA,NA
Temp_in,23.7800959,NA,23.7800959,NA,NA
Temp_in,23.80041662,NA,23.80041662,NA,NA
Temp_in,23.80725669,NA,23.80725669,NA,NA
Temp_in,23.82914525,NA,23.82914525,NA,NA
Temp_in,23.87418146,NA,23.87418146,NA,NA
Temp_in,23.87550248,NA,23.87550248,NA,NA
Temp_in,23.8898623,NA,23.8898623,NA,NA
Temp_in,23.97824596,NA,23.97824596,NA,NA
Temp_in,23.9802397,NA,23.9802397,NA,NA
Temp_in,24.00516582,NA,24.00516582,NA,NA
Temp_in,24.00713255,NA,24.00713255,NA,NA
Temp_in,24.05007101,NA,24.05007101,NA,NA
Temp_in,24.08231046,NA,24.08231046,NA,NA
Temp_in,24.45273464,NA,24.45273464,NA,NA
Temp_in,24.50343263,NA,24.50343263,NA,NA
Temp_in,24.61700769,NA,24.61700769,NA,NA
Temp_in,25.04213669,NA,25.04213669,NA,NA
Temp_in,25.21517828,NA,25.21517828,NA,NA
Temp_in,25.28877011,NA,25.28877011,NA,NA
Temp_in,25.30033536,NA,25.30033536,NA,NA
Temp_in,25.30856245,NA,25.30856245,NA,NA
Temp_in,25.35710456,NA,25.35710456,NA,NA
Temp_in,25.36276525,NA,25.36276525,NA,NA
Temp_in,25.41696805,NA,25.41696805,NA,NA
Temp_in,25.44160305,NA,25.44160305,NA,NA
Temp_in,25.46793771,NA,25.46793771,NA,NA
Temp_in,25.4691375,NA,25.4691375,NA,NA
Temp_in,25.47615229,NA,25.47615229,NA,NA
Temp_in,25.48436687,NA,25.48436687,NA,NA
Temp_in,25.5396418,NA,25.5396418,NA,NA
Temp_in,25.5747585,NA,25.5747585,NA,NA
Temp_in,25.57880871,NA,25.57880871,NA,NA
Temp_in,25.65082403,NA,25.65082403,NA,NA
Temp_in,25.65252817,NA,25.65252817,NA,NA
Temp_in,25.67325055,NA,25.67325055,NA,NA
Temp_in,25.76804737,NA,25.76804737,NA,NA
Temp_in,25.82009286,NA,25.82009286,NA,NA
Temp_in,25.83356331,NA,25.83356331,NA,NA
Temp_in,25.89532258,NA,25.89532258,NA,NA
Temp_in,25.95708185,NA,25.95708185,NA,NA
Temp_in,26.08314479,NA,26.08314479,NA,NA
Temp_in,26.42200645,NA,26.42200645,NA,NA
Temp_in,26.60597928,NA,26.60597928,NA,NA
Temp_in,26.78995211,NA,26.78995211,NA,NA
Temp_in,26.97355833,NA,26.97355833,NA,NA
Temp_in,27.16259166,NA,27.16259166,NA,NA
Temp_in,27.27202689,NA,27.27202689,NA,NA
Temp_in,27.3170607,NA,27.3170607,NA,NA
Temp_in,27.42211556,NA,27.42211556,NA,NA
Temp_in,27.48360478,NA,27.48360478,NA,NA
Temp_in,27.48468849,NA,27.48468849,NA,NA
Temp_in,27.65231627,NA,27.65231627,NA,NA
pH,7.865,NA,7.865,NA,NA
pH,7.868,NA,7.868,NA,NA
pH,7.901,NA,7.901,NA,NA
pH,7.906,NA,7.906,NA,NA
pH,7.908,NA,7.908,NA,NA
pH,7.915,NA,7.915,NA,NA
pH,7.916,NA,7.916,NA,NA
pH,7.928,NA,7.928,NA,7.928
pH,7.929,NA,7.929,NA,NA
pH,7.931,NA,7.931,NA,NA
pH,7.94,NA,7.94,NA,NA
pH,7.943,NA,7.943,NA,NA
pH,7.944,NA,7.944,NA,NA
pH,7.948,NA,7.948,NA,7.948
pH,7.953,NA,7.953,NA,NA
pH,7.954,NA,7.954,NA,NA
pH,7.956,NA,7.956,NA,NA
pH,7.959,NA,7.959,NA,NA
pH,7.964,NA,7.964,NA,7.964
pH,7.969,NA,7.969,NA,NA
pH,7.97,NA,7.97,NA,7.97
pH,7.972,NA,7.972,NA,NA
pH,7.978,NA,7.978,NA,NA
pH,7.982,NA,7.982,NA,NA
pH,7.993,NA,7.993,NA,NA
pH,7.995,NA,7.995,7.995,7.995
pH,7.999,NA,7.999,NA,NA
pH,8.002,NA,8.002,NA,NA
pH,8.008,NA,8.008,NA,8.008
pH,8.012,NA,8.012,NA,NA
pH,8.019,NA,8.019,NA,NA
pH,8.03,NA,8.03,8.03,NA
pH,8.042,NA,8.042,NA,NA
pH,8.048,NA,8.048,NA,NA
pH,8.062,NA,8.062,NA,NA
pH,8.072,NA,8.072,NA,NA
pH,8.075,NA,8.075,NA,NA
pH,8.079,NA,8.079,NA,8.079
pH,8.083,NA,8.083,NA,NA
pH,8.094,NA,8.094,NA,8.094
pH,8.096,NA,8.096,NA,8.096
pH,8.109,NA,8.109,NA,NA
pH,8.111,NA,8.111,NA,NA
pH,8.114,NA,8.114,NA,NA
pH,8.128,NA,8.128,NA,NA
pH,8.135,NA,8.135,NA,NA
pH,8.142,NA,8.142,NA,NA
pH,8.15,NA,8.15,NA,NA
pH,8.154,NA,8.154,NA,NA
pH,8.194,NA,8.194,NA,NA
percent_sgd,0.310077519,NA,0.310077519,NA,NA
percent_sgd,0.328165375,NA,0.328165375,NA,NA
percent_sgd,0.335917313,NA,0.335917313,NA,NA
percent_sgd,0.343669251,NA,0.343669251,NA,NA
percent_sgd,0.355297158,NA,0.355297158,NA,NA
percent_sgd,0.375968992,NA,0.375968992,NA,NA
percent_sgd,0.38630491,NA,0.38630491,NA,NA
percent_sgd,0.388888889,NA,0.388888889,NA,NA
percent_sgd,0.395348837,NA,0.395348837,NA,NA
percent_sgd,0.403100775,NA,0.403100775,NA,NA
percent_sgd,0.405684755,NA,0.405684755,NA,NA
percent_sgd,0.409560724,NA,0.409560724,NA,NA
percent_sgd,0.410852713,NA,0.410852713,NA,NA
percent_sgd,0.416020672,NA,0.416020672,NA,NA
percent_sgd,0.419896641,NA,0.419896641,NA,NA
percent_sgd,0.42118863,NA,0.42118863,NA,NA
percent_sgd,0.432816537,NA,0.432816537,NA,NA
percent_sgd,0.440568475,NA,0.440568475,NA,NA
percent_sgd,0.447028424,NA,0.447028424,NA,NA
percent_sgd,0.456072351,NA,0.456072351,NA,NA
percent_sgd,0.458656331,NA,0.458656331,NA,NA
percent_sgd,0.45994832,NA,0.45994832,NA,NA
percent_sgd,0.466408269,NA,0.466408269,NA,NA
percent_sgd,0.480620155,NA,0.480620155,NA,NA
percent_sgd,0.485788114,NA,0.485788114,NA,NA
percent_sgd,0.494832041,NA,0.494832041,NA,NA
percent_sgd,0.510335917,NA,0.510335917,NA,NA
percent_sgd,0.515503876,NA,0.515503876,NA,NA
percent_sgd,0.521963824,NA,0.521963824,NA,NA
percent_sgd,0.523255814,NA,0.523255814,NA,NA
percent_sgd,0.54005168,NA,0.54005168,NA,NA
percent_sgd,0.546511628,NA,0.546511628,NA,NA
percent_sgd,0.57622739,NA,0.57622739,NA,NA
percent_sgd,0.57881137,NA,0.57881137,NA,NA
percent_sgd,0.603359173,NA,0.603359173,NA,NA
percent_sgd,0.651162791,NA,0.651162791,NA,NA
percent_sgd,0.673126615,NA,0.673126615,NA,NA
percent_sgd,0.683462532,NA,0.683462532,NA,NA
percent_sgd,0.701550388,NA,0.701550388,NA,NA
percent_sgd,0.715762274,NA,0.715762274,NA,NA
percent_sgd,0.746770026,NA,0.746770026,NA,NA
percent_sgd,0.850129199,NA,0.850129199,NA,NA
percent_sgd,0.88501292,NA,0.88501292,NA,NA
percent_sgd,0.968992248,NA,0.968992248,NA,NA
percent_sgd,0.980620155,NA,0.980620155,NA,NA
percent_sgd,0.992248062,NA,0.992248062,NA,NA
percent_sgd,1.357881137,NA,1.357881137,NA,NA
percent_sgd,1.392764858,NA,1.392764858,NA,NA
percent_sgd,1.943152455,NA,1.943152455,NA,NA
percent_sgd,1.985788114,NA,1.985788114,NA,NA
percent_sgd,2.264857881,NA,2.264857881,NA,NA
percent_sgd,2.984496124,NA,2.984496124,NA,NA
percent_sgd,3.059431525,NA,3.059431525,NA,NA
percent_sgd,5.77002584,NA,5.77002584,NA,NA
percent_sgd,5.927648579,NA,5.927648579,NA,NA
percent_sgd,6.675710594,NA,6.675710594,NA,NA
percent_sgd,6.822997416,NA,6.822997416,NA,NA
percent_sgd,7.275193798,NA,7.275193798,NA,NA
percent_sgd,7.559431525,NA,7.559431525,NA,NA
percent_sgd,16.33979328,NA,16.33979328,NA,NA
percent_sgd,19.55684755,NA,19.55684755,NA,NA
Phosphate,0.17,NA,NA,0.17,NA
Phosphate,0.18,NA,NA,0.18,0.18
Salinity,34.59459074,NA,NA,34.59459074,NA
Salinity,34.61041242,NA,NA,34.61041242,NA
Salinity,34.62139969,NA,NA,34.62139969,NA
Silicate,1.36,NA,NA,1.36,NA
Silicate,1.61,NA,NA,1.61,NA
Silicate,1.97,NA,NA,1.97,NA
TA,2258.053746,NA,NA,2258.053746,NA
TA,2270.824438,NA,NA,2270.824438,NA
TA,2274.315854,NA,NA,2274.315854,NA
TA,2278.659129,NA,NA,2278.659129,NA
TA,2280.792107,NA,NA,2280.792107,NA
TA,2294.499484,NA,NA,2294.499484,NA
Temp_in,24.12984958,NA,NA,24.12984958,NA
Temp_in,24.43115441,NA,NA,24.43115441,NA
Temp_in,24.60358254,NA,NA,24.60358254,NA
pH,7.955,NA,NA,7.955,NA
pH,7.975,NA,NA,7.975,NA
percent_sgd,0.175710594,NA,NA,0.175710594,NA
percent_sgd,0.208010336,NA,NA,0.208010336,NA
percent_sgd,0.254521964,NA,NA,0.254521964,NA
NN,0.44,NA,NA,NA,0.44
NN,0.79,NA,NA,NA,0.79
NN,1.02,NA,NA,NA,1.02
NN,1.2,NA,NA,NA,1.2
NN,1.36,NA,NA,NA,1.36
NN,1.4,NA,NA,NA,1.4
NN,2.34,NA,NA,NA,2.34
NN,2.45,NA,NA,NA,2.45
NN,2.77,NA,NA,NA,2.77
NN,3.37,NA,NA,NA,3.37
NN,4.08,NA,NA,NA,4.08
NN,5.83,NA,NA,NA,5.83
NN,6.98,NA,NA,NA,6.98
NN,7.29,NA,NA,NA,7.29
NN,7.92,NA,NA,NA,7.92
NN,11.69,NA,NA,NA,11.69
Phosphate,0.25,NA,NA,NA,0.25
Phosphate,0.27,NA,NA,NA,0.27
Phosphate,0.31,NA,NA,NA,0.31
Phosphate,0.36,NA,NA,NA,0.36
Phosphate,0.38,NA,NA,NA,0.38
Phosphate,0.54,NA,NA,NA,0.54
Phosphate,0.62,NA,NA,NA,0.62
Salinity,25.96034904,NA,NA,NA,25.96034904
Salinity,27.7402879,NA,NA,NA,27.7402879
Salinity,28.02024372,NA,NA,NA,28.02024372
Salinity,28.37007862,NA,NA,NA,28.37007862
Salinity,29.68899134,NA,NA,NA,29.68899134
Salinity,30.53896708,NA,NA,NA,30.53896708
Salinity,30.6119226,NA,NA,NA,30.6119226
Salinity,31.27467514,NA,NA,NA,31.27467514
Salinity,31.50277101,NA,NA,NA,31.50277101
Salinity,32.33384864,NA,NA,NA,32.33384864
Salinity,32.73334603,NA,NA,NA,32.73334603
Salinity,32.82124424,NA,NA,NA,32.82124424
Salinity,33.12097716,NA,NA,NA,33.12097716
Salinity,33.16097084,NA,NA,NA,33.16097084
Salinity,33.73670416,NA,NA,NA,33.73670416
Salinity,33.76834751,NA,NA,NA,33.76834751
Salinity,34.06104857,NA,NA,NA,34.06104857
Salinity,34.25750108,NA,NA,NA,34.25750108
Salinity,34.29002342,NA,NA,NA,34.29002342
Salinity,34.3599025,NA,NA,NA,34.3599025
Salinity,34.36561589,NA,NA,NA,34.36561589
Salinity,34.39330382,NA,NA,NA,34.39330382
Salinity,34.41527838,NA,NA,NA,34.41527838
Salinity,34.42099176,NA,NA,NA,34.42099176
Salinity,34.42582616,NA,NA,NA,34.42582616
Salinity,34.43945039,NA,NA,NA,34.43945039
Salinity,34.4438453,NA,NA,NA,34.4438453
Salinity,34.48076255,NA,NA,NA,34.48076255
Salinity,34.4882339,NA,NA,NA,34.4882339
Salinity,34.48867339,NA,NA,NA,34.48867339
Salinity,34.49658423,NA,NA,NA,34.49658423
Salinity,34.50669252,NA,NA,NA,34.50669252
Silicate,3.97,NA,NA,NA,3.97
Silicate,4.2,NA,NA,NA,4.2
Silicate,4.38,NA,NA,NA,4.38
Silicate,4.39,NA,NA,NA,4.39
Silicate,4.56,NA,NA,NA,4.56
Silicate,5.4,NA,NA,NA,5.4
Silicate,5.5,NA,NA,NA,5.5
Silicate,5.81,NA,NA,NA,5.81
Silicate,5.92,NA,NA,NA,5.92
Silicate,6.05,NA,NA,NA,6.05
Silicate,6.55,NA,NA,NA,6.55
Silicate,7.18,NA,NA,NA,7.18
Silicate,7.31,NA,NA,NA,7.31
Silicate,8.9,NA,NA,NA,8.9
Silicate,9.64,NA,NA,NA,9.64
Silicate,14.11,NA,NA,NA,14.11
Silicate,20.77,NA,NA,NA,20.77
Silicate,21.49,NA,NA,NA,21.49
Silicate,34.59,NA,NA,NA,34.59
Silicate,35.5,NA,NA,NA,35.5
Silicate,42.32,NA,NA,NA,42.32
Silicate,44.32,NA,NA,NA,44.32
Silicate,53.41,NA,NA,NA,53.41
Silicate,72.32,NA,NA,NA,72.32
Silicate,77.51,NA,NA,NA,77.51
Silicate,92.59,NA,NA,NA,92.59
Silicate,94.25,NA,NA,NA,94.25
Silicate,113.59,NA,NA,NA,113.59
Silicate,143.6,NA,NA,NA,143.6
Silicate,151.56,NA,NA,NA,151.56
Silicate,157.93,NA,NA,NA,157.93
Silicate,198.43,NA,NA,NA,198.43
TA,2133.421493,NA,NA,NA,2133.421493
TA,2145.827701,NA,NA,NA,2145.827701
TA,2155.302454,NA,NA,NA,2155.302454
TA,2161.48229,NA,NA,NA,2161.48229
TA,2180.930839,NA,NA,NA,2180.930839
TA,2199.619975,NA,NA,NA,2199.619975
TA,2205.1881,NA,NA,NA,2205.1881
TA,2219.095298,NA,NA,NA,2219.095298
TA,2219.583262,NA,NA,NA,2219.583262
TA,2220.053441,NA,NA,NA,2220.053441
TA,2226.132597,NA,NA,NA,2226.132597
TA,2233.751992,NA,NA,NA,2233.751992
TA,2239.324994,NA,NA,NA,2239.324994
TA,2240.358874,NA,NA,NA,2240.358874
TA,2244.213993,NA,NA,NA,2244.213993
TA,2245.104438,NA,NA,NA,2245.104438
TA,2245.963283,NA,NA,NA,2245.963283
TA,2249.618001,NA,NA,NA,2249.618001
TA,2254.795338,NA,NA,NA,2254.795338
TA,2255.300778,NA,NA,NA,2255.300778
TA,2257.264212,NA,NA,NA,2257.264212
TA,2262.677419,NA,NA,NA,2262.677419
TA,2264.306252,NA,NA,NA,2264.306252
TA,2266.715279,NA,NA,NA,2266.715279
TA,2269.134251,NA,NA,NA,2269.134251
TA,2272.39081,NA,NA,NA,2272.39081
TA,2274.697509,NA,NA,NA,2274.697509
TA,2289.427426,NA,NA,NA,2289.427426
TA,2294.627259,NA,NA,NA,2294.627259
TA,2317.859168,NA,NA,NA,2317.859168
TA,2329.60589,NA,NA,NA,2329.60589
TA,2336.320198,NA,NA,NA,2336.320198
Temp_in,22.63449814,NA,NA,NA,22.63449814
Temp_in,23.31951534,NA,NA,NA,23.31951534
Temp_in,23.42893972,NA,NA,NA,23.42893972
Temp_in,23.47183421,NA,NA,NA,23.47183421
Temp_in,23.53255956,NA,NA,NA,23.53255956
Temp_in,23.55377558,NA,NA,NA,23.55377558
Temp_in,23.556481,NA,NA,NA,23.556481
Temp_in,23.68898041,NA,NA,NA,23.68898041
Temp_in,23.75505834,NA,NA,NA,23.75505834
Temp_in,23.76412004,NA,NA,NA,23.76412004
Temp_in,23.84408,NA,NA,NA,23.84408
Temp_in,24.01982367,NA,NA,NA,24.01982367
Temp_in,24.17257622,NA,NA,NA,24.17257622
Temp_in,24.4424524,NA,NA,NA,24.4424524
Temp_in,24.81139318,NA,NA,NA,24.81139318
Temp_in,24.83646091,NA,NA,NA,24.83646091
Temp_in,24.9418639,NA,NA,NA,24.9418639
Temp_in,25.09458918,NA,NA,NA,25.09458918
Temp_in,25.20243729,NA,NA,NA,25.20243729
Temp_in,25.26714707,NA,NA,NA,25.26714707
Temp_in,25.321412810000002,NA,NA,NA,25.321412810000002
Temp_in,25.33238243,NA,NA,NA,25.33238243
Temp_in,25.39966468,NA,NA,NA,25.39966468
Temp_in,25.46666036,NA,NA,NA,25.46666036
Temp_in,25.62518103,NA,NA,NA,25.62518103
Temp_in,25.68967338,NA,NA,NA,25.68967338
Temp_in,25.88280725,NA,NA,NA,25.88280725
Temp_in,25.90683954,NA,NA,NA,25.90683954
Temp_in,26.89176305,NA,NA,NA,26.89176305
Temp_in,27.12962167,NA,NA,NA,27.12962167
Temp_in,27.19561155,NA,NA,NA,27.19561155
Temp_in,27.88902331,NA,NA,NA,27.88902331
pH,7.845,NA,NA,NA,7.845
pH,7.861,NA,NA,NA,7.861
pH,7.909,NA,NA,NA,7.909
pH,7.91,NA,NA,NA,7.91
pH,7.917,NA,NA,NA,7.917
pH,7.961,NA,NA,NA,7.961
pH,7.965,NA,NA,NA,7.965
pH,7.981,NA,NA,NA,7.981
pH,7.998,NA,NA,NA,7.998
pH,8.006,NA,NA,NA,8.006
pH,8.063,NA,NA,NA,8.063
pH,8.078,NA,NA,NA,8.078
pH,8.098,NA,NA,NA,8.098
pH,8.129,NA,NA,NA,8.129
pH,8.147,NA,NA,NA,8.147
pH,8.149,NA,NA,NA,8.149
pH,8.173,NA,NA,NA,8.173
pH,8.192,NA,NA,NA,8.192
percent_sgd,0.512919897,NA,NA,NA,0.512919897
percent_sgd,0.542635659,NA,NA,NA,0.542635659
percent_sgd,0.565891473,NA,NA,NA,0.565891473
percent_sgd,0.567183463,NA,NA,NA,0.567183463
percent_sgd,0.589147287,NA,NA,NA,0.589147287
percent_sgd,0.697674419,NA,NA,NA,0.697674419
percent_sgd,0.710594315,NA,NA,NA,0.710594315
percent_sgd,0.750645995,NA,NA,NA,0.750645995
percent_sgd,0.764857881,NA,NA,NA,0.764857881
percent_sgd,0.781653747,NA,NA,NA,0.781653747
percent_sgd,0.84625323,NA,NA,NA,0.84625323
percent_sgd,0.927648579,NA,NA,NA,0.927648579
percent_sgd,0.944444444,NA,NA,NA,0.944444444
percent_sgd,1.149870801,NA,NA,NA,1.149870801
percent_sgd,1.245478036,NA,NA,NA,1.245478036
percent_sgd,1.822997416,NA,NA,NA,1.822997416
percent_sgd,2.683462532,NA,NA,NA,2.683462532
percent_sgd,2.776485788,NA,NA,NA,2.776485788
percent_sgd,4.468992248,NA,NA,NA,4.468992248
percent_sgd,4.586563307,NA,NA,NA,4.586563307
percent_sgd,5.467700258,NA,NA,NA,5.467700258
percent_sgd,5.726098191,NA,NA,NA,5.726098191
percent_sgd,6.900516796,NA,NA,NA,6.900516796
percent_sgd,9.343669251,NA,NA,NA,9.343669251
percent_sgd,10.01421189,NA,NA,NA,10.01421189
percent_sgd,11.9625323,NA,NA,NA,11.9625323
percent_sgd,12.17700258,NA,NA,NA,12.17700258
percent_sgd,14.67571059,NA,NA,NA,14.67571059
percent_sgd,18.55297158,NA,NA,NA,18.55297158
percent_sgd,19.58139535,NA,NA,NA,19.58139535
percent_sgd,20.40439276,NA,NA,NA,20.40439276
percent_sgd,25.6369509,NA,NA,NA,25.6369509
